{
  "frame_ids": [
    "20_00",
    "DIC_SN_15_L10_Sum32",
    "DIC_SN_15_L13_Sum65",
    "DIC_SN_15_L16_Sum30",
    "DIC_SN_15_L19_Sum00",
    "DIC_SN_15_L22_Sum00",
    "DIC_SN_15_L2_Sum15",
    "DIC_SN_15_L37_Sum00",
    "DIC_SN_15_L40_Sum00",
    "DIC_SN_15_L7_Sum99"
  ],
  "wound_area": [
    340114.0,
    117421.0,
    142001.0,
    299415.0,
    330670.0,
    632547.0,
    32177.0,
    180248.0,
    161903.0,
    127887.0
  ],
  "cell_coverage": [
    0.677874560499515,
    0.8880472183227539,
    0.8646888732910156,
    0.7146224975585938,
    0.684788703918457,
    0.39788818359375,
    0.9693384170532227,
    0.8281822204589844,
    0.8457937240600586,
    0.8781108856201172
  ],
  "roughness": [
    1.4184099242574264,
    1.621375958207792,
    2.1299882295831924,
    1.8495052398133076,
    1.6764241241305666,
    1.178140172463507,
    1.0554008191248199,
    1.1736844472323773,
    1.3325546742536085,
    1.760561025728518
  ],
  "time": [
    0,
    3,
    8,
    14,
    20,
    28,
    34,
    35,
    41,
    50
  ],
  "measures_wound_area": [
    34221,
    21949,
    27502,
    24337,
    23635,
    49603,
    31361,
    18393,
    15803,
    38535
  ],
  "measures_cell_pixels": [
    1021523,
    1026627,
    1021074,
    1024239,
    1024941,
    998973,
    1017215,
    1030183,
    1032773,
    1010041
  ]
}