{
  "dataset": "SN15",
  "num_frames": 3,
  "num_steps": 20,
  "observed_wound_area": [
    1055744.0,
    1055744.0,
    1048576.0
  ],
  "simulated_wound_area": [
    5489.0,
    5463.0,
    5431.0,
    5397.0,
    5358.0,
    5323.0,
    5282.0,
    5243.0,
    5199.0,
    5156.0,
    5116.0,
    5074.0,
    5026.0,
    4984.0,
    4937.0,
    4886.0,
    4820.0,
    4761.0,
    4707.0,
    4655.0
  ],
  "observed_closure_rate": 0.6789524733268659,
  "simulated_closure_rate": 15.194024412461282
}