{
  "location": "L12",
  "simulation_time": 95.47816157341003,
  "params": {
    "p_move": 0.854815750797451,
    "p_div": 0.17299262341152472,
    "alpha": 1.4520740263381329,
    "beta": 0.6983558046203422,
    "edge_bonus": 1.4149189044374755,
    "k_time": 1.0,
    "gamma": 0.0
  },
  "metrics": {
    "mse": 0.01699873418554684,
    "mae": 0.09023856696496614
  },
  "observed_time": [
    0,
    17,
    40
  ],
  "observed_wound_area_norm": [
    1.0,
    0.7747363906354948,
    0.356267145735719
  ],
  "simulated_wound_area_norm": [
    1.0,
    0.9931457900207901,
    0.9867788461538461,
    0.9797946985446986,
    0.9719009875259875,
    0.9643321205821206,
    0.9557237525987526,
    0.9488045738045738,
    0.940456081081081,
    0.9330171517671517,
    0.925220893970894,
    0.9164176195426196,
    0.9063149688149689,
    0.8979989604989606,
    0.889585498960499,
    0.8800675675675675,
    0.8706795738045738,
    0.8608692827442828,
    0.8521634615384616,
    0.8427429833679834,
    0.8329651767151767,
    0.8237720893970893,
    0.8147739085239085,
    0.8051910083160083,
    0.7964527027027027,
    0.7870647089397089,
    0.7769295738045738,
    0.7678339397089398,
    0.7597778066528067,
    0.7511044698544699,
    0.7425610706860707,
    0.734212577962578,
    0.724889553014553,
    0.7154365904365905,
    0.7058861746361746,
    0.6964656964656964,
    0.6875974532224532,
    0.6787292099792099,
    0.6702182952182952,
    0.6611876299376299,
    0.652741683991684,
    0.6441658004158004,
    0.6351676195426196,
    0.6270465176715176,
    0.6186330561330561,
    0.6094724532224532,
    0.6009940228690228,
    0.5931327962577962,
    0.5849792099792099,
    0.5763383575883576
  ],
  "simulated_at_obs_time": [
    1.0,
    0.8253808796777546,
    0.5763383575883576
  ],
  "plot_path": "E:\\Python\\funny\\CA_project\\results\\optimized_simulation_L12.png"
}