{
  "location": "L12",
  "gamma_values": [
    0.0,
    0.5,
    1.0
  ],
  "results": [
    {
      "gamma": 0.0,
      "mse": 0.017178996940938353,
      "t17_error": 5.172784403186482,
      "t40_error": 22.104574407717088,
      "sim_at_obs": [
        1.0,
        0.8264642346673596,
        0.5773128898128899
      ]
    },
    {
      "gamma": 0.5,
      "mse": 0.02838314448925407,
      "t17_error": 7.417315791923073,
      "t40_error": 28.221937586220243,
      "sim_at_obs": [
        1.0,
        0.8489095485547256,
        0.6384865215979214
      ]
    },
    {
      "gamma": 1.0,
      "mse": 0.03767476950207269,
      "t17_error": 8.948505928005668,
      "t40_error": 32.40628529650735,
      "sim_at_obs": [
        1.0,
        0.8642214499155515,
        0.6803299987007925
      ]
    }
  ],
  "best_gamma": 0.0,
  "best_mse": 0.017178996940938353,
  "summary": {
    "t40_error_improvement": 39.69542559228291,
    "mse_improvement": -0.00017899694093835225
  }
}