{
  "location": "L12",
  "best_params": {
    "p_move": 0.854815750797451,
    "p_div": 0.17299262341152472,
    "alpha": 1.4520740263381329,
    "beta": 0.6983558046203422,
    "edge_bonus": 1.4149189044374755
  },
  "best_loss": 0.14905041204597783,
  "observed_wound_area": [
    494292.0,
    382946.0,
    176100.0
  ],
  "simulated_wound_area": [
    30784.0,
    30573.0,
    30377.0
  ]
}